{
  "format_version": "1.8.0",
  "animations": {
    "animation.sf_nba.tree_frog.idle": {
      "loop": true
    },
    "animation.sf_nba.tree_frog.croak": {
      "sound_effects": {
        "0.0": {
          "effect": "idle_event"
        }
      },
      "animation_length": 0.58333,
      "bones": {
        "throat": {
          "scale": {
            "0.0": [
              1,
              0.86,
              1
            ],
            "0.0417": [
              1.12607,
              1.37891,
              1.20167
            ],
            "0.2083": [
              1.2,
              1.8,
              1.2
            ],
            "0.4583": [
              1.14407,
              1.45308,
              1.2305
            ],
            "0.5833": [
              0.79293,
              0.79293,
              0.79293
            ]
          }
        }
      }
    },
    "animation.sf_nba.tree_frog.walk": {
      "sound_effects": {
        "0.0": {
          "effect": "step_-6dB"
        },
        "0.13": {
          "effect": "step_-12dB"
        },
        "0.5": {
          "effect": "step_-6dB"
        },
        "0.63": {
          "effect": "step_-12dB"
        }
      },
      "loop": true,
      "animation_length": 1,
      "bones": {
        "body": {
          "rotation": {
            "0.0": [
              0,
              4.55,
              0
            ],
            "0.0417": [
              -1.04,
              3.9,
              1.04
            ],
            "0.0833": [
              -2.57,
              2.95,
              2.57
            ],
            "0.125": [
              -4.26,
              1.9,
              4.26
            ],
            "0.1667": [
              -5.79,
              0.95,
              5.79
            ],
            "0.2083": [
              -6.82,
              0.3,
              6.83
            ],
            "0.25": [
              -7.46,
              0.12,
              7.46
            ],
            "0.2917": [
              -7.68,
              0.34,
              7.68
            ],
            "0.3333": [
              -7.46,
              0.54,
              7.46
            ],
            "0.375": [
              -6.82,
              0.3,
              6.83
            ],
            "0.4167": [
              -4.55,
              -1.32,
              5.06
            ],
            "0.4583": [
              -1.52,
              -3.47,
              2.53
            ],
            "0.5": [
              0,
              -4.55,
              0
            ],
            "0.5417": [
              -0.43,
              -4.25,
              -1.22
            ],
            "0.5833": [
              -1.52,
              -3.47,
              -2.53
            ],
            "0.625": [
              -2.99,
              -2.43,
              -3.84
            ],
            "0.6667": [
              -4.55,
              -1.32,
              -5.06
            ],
            "0.7083": [
              -5.92,
              -0.34,
              -6.08
            ],
            "0.75": [
              -6.82,
              0.3,
              -6.82
            ],
            "0.7917": [
              -7.46,
              0.54,
              -7.46
            ],
            "0.8333": [
              -7.68,
              0.34,
              -7.68
            ],
            "0.875": [
              -7.46,
              0.12,
              -7.46
            ],
            "0.9167": [
              -6.82,
              0.3,
              -6.82
            ],
            "0.9583": [
              -3.41,
              2.43,
              -3.41
            ],
            "1.0": [
              0,
              4.55,
              0
            ]
          },
          "position": [
            0,
            -0.2,
            0
          ]
        },
        "leftArm": {
          "rotation": {
            "0.0": [
              0,
              7.5,
              0
            ],
            "0.3333": [
              1.42353,
              -3.36957,
              -3.72475
            ],
            "0.375": [
              0.84975,
              -2.28472,
              0.01947
            ],
            "0.4583": [
              0,
              0,
              0
            ],
            "0.5833": [
              20,
              0,
              0
            ],
            "0.9167": [
              -45,
              0,
              0
            ],
            "1.0": [
              0,
              7.5,
              0
            ]
          },
          "position": {
            "0.0": [
              0,
              0.1,
              -0.75
            ],
            "0.375": [
              -0.5,
              0.25,
              0.52
            ],
            "0.5": [
              -0.5,
              0.6,
              0.95
            ],
            "0.625": [
              0,
              1.15,
              0.65
            ],
            "0.7917": [
              0.5,
              1.3,
              0.29
            ],
            "1.0": [
              0,
              0.1,
              -0.75
            ]
          }
        },
        "rightArm": {
          "rotation": {
            "0.0": [
              7.5,
              0,
              0
            ],
            "0.0833": [
              22.5,
              0,
              0
            ],
            "0.4167": [
              -45,
              0,
              0
            ],
            "0.5": [
              0,
              0,
              0
            ],
            "0.8333": [
              1.27506,
              3.42845,
              1.22104
            ],
            "0.9583": [
              0,
              0,
              0
            ],
            "1.0": [
              7.5,
              0,
              0
            ]
          },
          "position": {
            "0.0": [
              0.5,
              0.5,
              0.95
            ],
            "0.125": [
              0,
              1.4,
              0.65
            ],
            "0.2917": [
              -0.5,
              1.3,
              0.29
            ],
            "0.5": [
              0,
              0,
              -0.8
            ],
            "0.875": [
              0.5,
              0.1,
              0.52
            ],
            "1.0": [
              0.5,
              0.5,
              0.95
            ]
          }
        },
        "leftLeg": {
          "rotation": {
            "0.0": [
              0,
              0,
              0
            ],
            "0.25": [
              35.1,
              0,
              0
            ],
            "0.5": [
              -35.1,
              0,
              0
            ],
            "0.625": [
              0,
              0,
              0
            ],
            "1.0": [
              0,
              0,
              0
            ]
          },
          "position": {
            "0.0": [
              0,
              0,
              0.6
            ],
            "0.25": [
              0,
              2.17,
              0.31
            ],
            "0.375": [
              0,
              1.75,
              0.16
            ],
            "0.625": [
              0,
              0.1,
              -1.15
            ],
            "1.0": [
              0,
              0.1,
              0.65
            ]
          }
        },